{"count":1,"self":132.95747839999999,"total":416.72005199999995,"children":{"AgentSendState":{"count":208434,"self":24.7462272,"total":56.173356999999996,"children":{"CollectObservations":{"count":500244,"self":6.2068712,"total":6.206871,"children":null},"CollectDiscreteActionMasks":{"count":500244,"self":5.4985208,"total":5.4985209999999993,"children":null},"AgentInfo.ToProto":{"count":500244,"self":12.140583999999999,"total":19.721736999999997,"children":{"GenerateSensorData":{"count":500244,"self":7.5811528,"total":7.581153,"children":null}}}}},"DecideAction":{"count":208434,"self":221.1967488,"total":221.196753,"children":null},"AgentAct":{"count":208434,"self":5.8050239999999995,"total":6.39075,"children":{"AgentInfo.ToProto":{"count":12536,"self":0.33916199999999996,"total":0.585726,"children":{"GenerateSensorData":{"count":12536,"self":0.24656399999999998,"total":0.24656399999999998,"children":null}}}}}},"gauges":{"PlayerMaze.CumulativeReward":{"count":12536,"max":1,"min":0.00100328412,"runningAverage":0.6668272,"value":1,"weightedAverage":0.684745133}},"metadata":{"timer_format_version":"0.1.0","start_time_seconds":"1594578979","unity_version":"2019.4.2f1","command_line_arguments":"\/Applications\/Unity\/Hub\/Editor\/2019.4.2f1\/Unity.app\/Contents\/MacOS\/Unity -projectpath \/Users\/wdr434\/Desktop\/Projects\/Platform-ML-AR -useHub -hubIPC -cloudEnvironment production -buildTarget Android -hubSessionId 4f771450-c460-11ea-9790-39105f9b66a7 -accessToken ExMmg7ydLfHGrCfKJ0le3-54Gd-YJDWhNqy4_j8oiz8007f","communication_protocol_version":"1.0.0","com.unity.ml-agents_version":"1.0.2","scene_name":"PlatformScene","end_time_seconds":"1594579395"}}